title,link,author,props,time_of_day,intensity,level,focus_area,type,goal
30 min Challenging + Playful Vinyasa Sequence with Nicole Wild,3BGizZEjLVQ,Nicole_Wild,none,afternoon,medium,intermediate,full_body,vinyasa,energizing
10 Min Core Sequence with Nicole Wild,OkMD2CG9F7E,Nicole_Wild,none,afternoon,medium,intermediate,core,hatha,strength
20 Minute Gentle Vinyasa Yoga Flow with Nicole Wild,wR3Fa_YmFuc,Nicole_Wild,none,evening,low,beginner,full_body,vinyasa,flexibility
60-Min All-Levels Vinyasa Flow w/ 3 Min Meditation with Nicole Wild,h5omTa8Z4vA,Nicole_Wild,none,afternoon,medium,beginner,full_body,vinyasa,flexibility
15 Minutes for the Hips + Heart Opening with Nicole Wild,LaehrMOViMk,Nicole_Wild,none,evening,low,beginner,hips,hatha,flexibility
30 Minute Gentle Yoga - Beginner Friendly - with Nicole Wild,9bwXxE6TjXI,Nicole_Wild,none,evening,low,beginner,full_body,hatha,relaxation
60-Minute Advanced Yoga Flow,v6oE5zNbt1c,Nicole_Wild,none,afternoon,medium,advanced,full_body,vinyasa,strength
30 Minute Playful Vinyasa Yoga with Nicole Wild,0fgq3HDHpuo,Nicole_Wild,none,morning,medium,intermediate,full_body,vinyasa,energizing
60 Minute Advanced Yoga Flow | Video #2,qRNKKf9zbe8,Nicole_Wild,none,afternoon,medium,advanced,full_body,vinyasa,flexibility
20-Minute Gentle Yoga Stretch and Flow for Building Flexibility (Beginner Friendly!),N6XGdl9gpKs,Nicole_Wild,none,evening,low,beginner,full_body,hatha,flexibility
"An All-Levels, but Challenging Vinyasa Yoga Practice (including a short meditation + sweaty flow!)",Jyf_WR4pgI8,Nicole_Wild,none,afternoon,high,intermediate,full_body,vinyasa,energizing
Intermediate/Advanced 60-minute Yoga Class | Video #3 | Super Soldier Pose,N-CHgPH-3LU,Nicole_Wild,none,afternoon,medium,intermediate,full_body,hatha,flexibility
30 Minute Intermediate Yoga Class,lvs4W8OLaaI,Nicole_Wild,none,evening,medium,intermediate,full_body,hatha,strength
60 Minute Advanced Yoga Practice | Video #3 | with Nicole Wild,fldJek9xDoQ,Nicole_Wild,none,afternoon,medium,advanced,full_body,vinyasa,flexibility
60-Min Intermediate/Advanced Yoga Class with Nicole Wild,xzcoKPMnr6w,Nicole_Wild,none,afternoon,medium,advanced,full_body,hatha,strength
1-Hour Intermediate/Challenging Vinyasa Yoga Class with Nicole Wild,H_IvuBBni8w,Nicole_Wild,none,afternoon,medium,intermediate,full_body,vinyasa,flexibility
30-Minute Intermediate Yoga Class with Nicole Wild,c0VfgqmVy9s,Nicole_Wild,none,morning,medium,intermediate,full_body,balance,flexibility
60-Minute Intermediate Yoga Class working into the Splits,QtfGGcycFKM,Nicole_Wild,none,afternoon,low,intermediate,hips,hatha,flexibility
30 Minute Sweaty Vinyasa Yoga Class with @nicolewildcollective,odev2japRDg,Nicole_Wild,none,morning,high,intermediate,full_body,vinyasa,energizing
45-Minute Challenging Yoga Flow with Arm-Balance and Inversion Options,f1X_Zk7jhVU,Nicole_Wild,none,morning,high,intermediate,full_body,vinyasa,energizing
45-Minute Intermediate + Playful Vinyasa Yoga Class with Nicole Wild,p-U04p9UaGY,Nicole_Wild,none,afternoon,medium,intermediate,full_body,vinyasa,energizing
60-Min Advanced Yoga Flow with @nicolewildcollective,n77v8YqoPak,Nicole_Wild,none,afternoon,high,advanced,full_body,vinyasa,strength
45 Minute Intermediate + Playful Vinyasa Flow Yoga Class with Nicole Wild,VhdE_bWgitg,Nicole_Wild,none,afternoon,high,intermediate,full_body,vinyasa,strength
30(ish) Minute Creative Vinyasa Flow with Nicole Wild,U3HsG7lOMqo,Nicole_Wild,none,afternoon,medium,intermediate,full_body,vinyasa,energizing
30-Minute Intermediate/Challenging Vinyasa Yoga Class,acJ1ENzmpkI,Nicole_Wild,none,afternoon,high,intermediate,full_body,vinyasa,flexibility
40-Minute Advanced Yoga Flow with @nicolewildcollective,yLeZxZZIGMQ,Nicole_Wild,none,afternoon,medium,advanced,full_body,vinyasa,flexibility
40-Minute Sweaty Intermediate Vinyasa Yoga Class with Nicole Wild,Sh6-yCwiiHo,Nicole_Wild,none,morning,high,intermediate,full_body,vinyasa,energizing
35-Minute Intermediate Vinyasa Yoga Flow with Nicole Wild,pztj__X-Wlk,Nicole_Wild,none,evening,medium,intermediate,full_body,vinyasa,flexibility
25-Minute Flowy Vinyasa with @nicolewildcollective,UzX7-DrZuP0,Nicole_Wild,none,evening,medium,intermediate,full_body,vinyasa,flexibility
30-Min Intermediate + Challenging Vinyasa Flow,o4cv3AJgYB4,Nicole_Wild,none,afternoon,high,intermediate,full_body,vinyasa,energizing
35-Min Intermediate/Advanced Spicy Vinyasa Yoga Class with Nicole Wild | @nicolewildcollective,EyBdN44c5cI,Nicole_Wild,none,afternoon,high,advanced,full_body,vinyasa,energizing
35-Min Advanced Vinyasa Yoga Class with @nicolewildcollective,ymfU2fUJdAQ,Nicole_Wild,none,morning,high,advanced,full_body,vinyasa,energizing
40-Minute Spicy Vinyasa Yoga Practice with Pistol Squats by Nicole Wild,VqdTN0ZfD0k,Nicole_Wild,none,evening,high,advanced,full_body,vinyasa,strength
55-minute Sweaty Vinyasa Yoga Flow with Nicole Wild,TWjFHqgdN1c,Nicole_Wild,none,morning,high,intermediate,full_body,vinyasa,energizing
35-Minute Strength-Building Intermediate Vinyasa Yoga Class with Nicole Wild,KvwBX6j2lE0,Nicole_Wild,none,afternoon,high,intermediate,full_body,vinyasa,strength
50-minute Sweaty Vinyasa w/ Advanced Options with Nicole Wild,U6s4ar9HTpw,Nicole_Wild,none,morning,high,intermediate,full_body,vinyasa,energizing
35-min. Playful + Strength-Building Vinyasa Yoga Practice w/ Core Work,HEcciNqWVWk,Nicole_Wild,none,afternoon,high,intermediate,core,vinyasa,strength
45-min. Spicy Intermediate Vinyasa Yoga Flow,WyK9Gm9GoZM,Nicole_Wild,none,evening,high,intermediate,full_body,vinyasa,energizing
60-min. Super-Spicy Intermediate Vinyasa Yoga Practice w/ Crow Pose + Inversion Options,_iDUh4yf_Ls,Nicole_Wild,none,afternoon,high,intermediate,full_body,vinyasa,flexibility
55-min. All-Levels but Spicy + Challenging Vinyasa Yoga Flow with Nicole Wild,Uxl59LNfid8,Nicole_Wild,none,afternoon,high,intermediate,full_body,vinyasa,energizing
45-min. Spicy Vinyasa Yoga Class w/ Backbends and Core Work,gLAedVxxxiE,Nicole_Wild,none,afternoon,high,intermediate,core,vinyasa,energizing
50-min. Spicy Vinyasa Yoga Class with Nicole Wild,Pku84akEG30,Nicole_Wild,none,afternoon,high,intermediate,full_body,vinyasa,energizing
60-min. Creative Vinyasa Yoga Flow with Arm Balance Options,uwtLgK6LSb0,Nicole_Wild,none,morning,medium,intermediate,hips,vinyasa,flexibility
45-min. Fluid-Spine + Strong Twists Yoga Practice with @nicolewildcollective,GVCV6vzcPdI,Nicole_Wild,none,evening,medium,intermediate,core,hatha,strength
45-min. Spicy Intermediate Vinyasa Yoga Flow with Nicole Wild,1Vcwl6xqDYc,Nicole_Wild,none,morning,high,intermediate,full_body,vinyasa,energizing
55-min. Strong + Bendy Vinyasa Practice w/ Twists + Heart Openers,g20wm1WX9k4,Nicole_Wild,none,afternoon,medium,intermediate,core,vinyasa,strength
35-min. Int/Adv. High-Spice Vinyasa Yoga Flow,t7JxWrX4KTc,Nicole_Wild,none,afternoon,medium,advanced,full_body,vinyasa,strength
40-minute Intermediate + Spicy Vinyasa Yoga Class with Nicole Wild,w4lThUddFZM,Nicole_Wild,none,morning,medium,advanced,full_body,vinyasa,strength
40-min. Strength-Based + Spicy Intermediate Vinyasa Practice,2i6cbhwo2Mo,Nicole_Wild,none,afternoon,high,intermediate,full_body,vinyasa,strength
45-min. Spicy Vinyasa Yoga Practice with Hip Mobility + Arm Balance Flying Pigeon Pose,wvY01slrDyc,Nicole_Wild,none,morning,high,intermediate,hips,vinyasa,flexibility
40-minute Int/Advanced Spicy Vinyasa Yoga Practice with Pistol Squats and One-Legged Crow Pose,7lMU2Q9_pq0,Nicole_Wild,none,afternoon,medium,advanced,hips,vinyasa,strength
45-min. Spicy Intermediate Vinyasa Practice w/ Balance + Inversion Options with Nicole Wild,UazDOHQ2ToY,Nicole_Wild,none,afternoon,medium,intermediate,full_body,vinyasa,balance
"45-min. Strong, Flowy + Playful Vinyasa Yoga Practice w/ Nicole Wild",Moct6OxOCp4,Nicole_Wild,none,afternoon,medium,intermediate,full_body,vinyasa,energizing
Int/Adv. Strong + Bendy Vinyasa Yoga Flow for the Shoulders + Spine with Nicole Wild,nr79fLQLLbc,Nicole_Wild,none,afternoon,medium,advanced,core,vinyasa,strength
40-min. Funky + Playful Vinyasa Flow Yoga Practice,YPOy4A3yH4U,Nicole_Wild,none,afternoon,medium,intermediate,full_body,vinyasa,energizing
30-min. Mellow-ish Fluid + Flowy Yoga Practice for All-Levels with Nicole Wild,xvQKWoiiQlw,Nicole_Wild,none,evening,low,intermediate,full_body,vinyasa,relaxation
45-min. Int. Spicy + Funky Vinyasa Yoga Class w/ @nicolewildcollective | inspired by Awakening Yoga,vxiiOZ4K6fU,Nicole_Wild,none,afternoon,high,intermediate,full_body,vinyasa,balance
40-min. Int. Spicy Vinyasa Yoga Class w/ Crow Pose Options with Nicole Wild,Oc5dduqpIRE,Nicole_Wild,none,afternoon,high,intermediate,full_body,vinyasa,strength
35-min. Spicy Honey Vinyasa Flow w/ Nicole Wild,ux7N0d_KoDg,Nicole_Wild,none,morning,high,intermediate,full_body,vinyasa,strength
35-min. Strong + Fluid Vinyasa Yoga Class w/ a Lower Body Mobility Sequence,gG6478uOfV4,Nicole_Wild,none,morning,medium,intermediate,full_body,vinyasa,strength
20-min. Mobility Sequence for the Lower Body,O90FpSjzdZk,Nicole_Wild,blocks,afternoon,medium,intermediate,hips,hatha,flexibility
"35-min. Intermediate Vinyasa Funky Flow (creative, technical, flowy) w/ @nicolewildcollective",GxBqQ9SRrkU,Nicole_Wild,none,afternoon,medium,intermediate,full_body,vinyasa,flexibility
35-min. Spicy + Strong Intermediate Yoga Flow (Awakening Yoga) w/ @nicolewildcollective,FRbRhMXIPhc,Nicole_Wild,none,afternoon,high,intermediate,full_body,vinyasa,strength
35-min. High-Spice Advanced Practice into Super Soldier with @nicolewildcollective,AOvG1z_-MbU,Nicole_Wild,none,afternoon,high,advanced,full_body,hatha,balance
High-Spice Vinyasa Yoga Class for Building Strength,5sjhKnRfjnw,Nicole_Wild,none,afternoon,high,intermediate,full_body,vinyasa,strength
30-min. Spicy Vinyasa Yoga Flow with Twists and Backbends,AhkgwdCG3oc,Nicole_Wild,none,afternoon,high,intermediate,core,vinyasa,flexibility
High-Spice Intermediate Yoga Class with Nicole Wild,TQTjMZTJjwI,Nicole_Wild,none,afternoon,high,intermediate,full_body,hatha,balance
Yoga For Beginners At Home (Weight Loss And Flexibility) 20 min,yYTFV6qL0Tk,Fightmaster_Yoga,none,afternoon,medium,beginner,full_body,hatha,flexibility
Yoga for beginners at home (30 min) free yoga class,sdzYPCQRm9o,Fightmaster_Yoga,none,afternoon,medium,beginner,full_body,hatha,flexibility
Yoga for Beginners At Home (30 min) Vinyasa Flow,W0FxPT0O0SA,Fightmaster_Yoga,none,afternoon,medium,beginner,full_body,vinyasa,flexibility
Hatha Yoga For Beginners,NrEbR1fqHg0,Fightmaster_Yoga,none,evening,low,beginner,full_body,hatha,relaxation
Yoga For Beginners At Home (20 Minute Class) Easy Yoga Poses For Flexibility,eSjpIepPlok,Fightmaster_Yoga,none,afternoon,low,beginner,full_body,hatha,flexibility
20 Minute Hatha Yoga Flow | Connect With Your Body,6jcdSqIqgAs,Fightmaster_Yoga,none,afternoon,medium,intermediate,full_body,hatha,relaxation
Yoga For Energy | 20-Min Core Flow,CSUhZjY2rHM,Fightmaster_Yoga,none,morning,medium,beginner,core,vinyasa,energizing
Total Body Yoga Sculpt | Toning Workout Burn,ZJGONcMPjUs,Fightmaster_Yoga,none,afternoon,high,intermediate,full_body,hatha,strength
Yoga for Bedtime | Sleep Better,oHj10x54kb4,Fightmaster_Yoga,none,before_sleep,low,beginner,full_body,hatha,relaxation
Yoga For Bedtime | Super Relaxing Before Sleep,HRmY1wfBeYc,Fightmaster_Yoga,none,before_sleep,low,beginner,full_body,hatha,relaxation
Yoga For Energy (Better Than Coffee!) 10-min Morning Wake up,dGEKyTks2UU,Fightmaster_Yoga,none,morning,medium,beginner,full_body,hatha,energizing
Blissful Yin Yoga (A Perfect Daydream) Deep Stretching,u4kd0HEJzv0,Fightmaster_Yoga,none,evening,low,intermediate,full_body,yin,relaxation
Blissful Yin Yoga (Focus on Your Breath) - Deep Stretching,gAmht4QxVsI,Fightmaster_Yoga,none,evening,low,intermediate,full_body,yin,relaxation
Total Body Yoga Workout (Sunrise Morning Vinyasa),VkQ3pvfMQ_E,Fightmaster_Yoga,none,morning,medium,intermediate,full_body,vinyasa,energizing
10 Minute Yoga (Relieve stress in your shoulders and neck),UViEWgoNB70,Fightmaster_Yoga,none,afternoon,low,beginner,back,hatha,relaxation
Power Yoga For Beginners (20 Minute Workout) Day 27 | Fightmaster Yoga Videos,IwAdoSYgWWE,Fightmaster_Yoga,none,afternoon,high,beginner,full_body,power,energizing
Beginners Yoga For Balance (20 min Flow) Day 25 | Fightmaster Yoga Videos,JMd4HHHwy_g,Fightmaster_Yoga,none,afternoon,high,beginner,full_body,vinyasa,balance
Beginners Yoga For Strength (20 min Class) Day 24 | Fightmaster Yoga Videos,lpqW_GOgHpQ,Fightmaster_Yoga,none,afternoon,medium,beginner,full_body,vinyasa,strength
Beginners Yoga For Morning (20 Min Workout) Day 13| Fightmaster Yoga Videos,FWHVtB7zEq4,Fightmaster_Yoga,none,morning,low,beginner,full_body,vinyasa,energizing
20 Minute Yoga Slow Flow Vinyasa Stretch (Core Strength) | Fightmaster Yoga Videos,9okc_PSdOjQ,Fightmaster_Yoga,none,afternoon,medium,beginner,core,vinyasa,strength
Blissful 1 hour Yin Yoga (For Stress Relief),LXuV4-x7tY4,Fightmaster_Yoga,none,afternoon,low,beginner,hips,yin,relaxation
30 Minute Power Yoga for Weight Loss (Get In Shape) | Fightmaster Yoga Videos,fc1JEzlmHA8,Fightmaster_Yoga,none,afternoon,high,beginner,full_body,power,strength
30 minute Prenatal Yoga | Fightmaster Yoga Videos,PTSCrY1bYOY,Fightmaster_Yoga,none,afternoon,low,beginner,pregnancy,hatha,relaxation
20 Minute Yoga For Low Back Pain (Perfect for Golfers) | Fightmaster Yoga Videos,px9zInb7lUo,Fightmaster_Yoga,none,afternoon,low,beginner,back,hatha,relaxation
15 Minute Power Yoga Quickie | Fightmaster Yoga Videos,Hl5mJJ97e_w,Fightmaster_Yoga,none,afternoon,high,beginner,full_body,power,strength
20 Minute Yoga for pregnancy workout (Prenatal Yoga Class) | Fightmaster Yoga Videos,WYMmEQrSLDo,Fightmaster_Yoga,none,evening,low,beginner,pregnancy,hatha,relaxation
10 Minute Yoga Quickie (Bedtime Night Flow) | Fightmaster Yoga Videos,RNBsQ24J5oA,Fightmaster_Yoga,none,before_sleep,medium,beginner,full_body,vinyasa,relaxation
30 Minute Prenatal Yoga (You're Pregnant!) | Fightmaster Yoga Videos,-oI2JgN4H4M,Fightmaster_Yoga,blocks,afternoon,low,beginner,pregnancy,vinyasa,relaxation
Day 30 - Power Yoga | Rest & Rise,O168ILwrK98,Fightmaster_Yoga,none,afternoon,high,beginner,full_body,power,strength
Day 25 - Yoga For Shoulder and Neck Tension | Rest & Rise,Kr-WKq6Mvjc,Fightmaster_Yoga,none,afternoon,medium,beginner,back,hatha,relaxation
Day 17 - Balance Flow | Rest & Rise,Sq2E-_RmEYk,Fightmaster_Yoga,none,afternoon,medium,beginner,full_body,hatha,balance
Day 5 - Power Yoga | Rest & Rise,IGbHp9JgSfE,Fightmaster_Yoga,none,afternoon,high,beginner,full_body,power,strength
Day 4 - Forward Folds | Rest & Rise,uB1_BcaJcSU,Fightmaster_Yoga,none,afternoon,medium,beginner,back,hatha,relaxation
Day 8 - Fire Flow | Rest & Rise,j7akGKK93fo,Fightmaster_Yoga,none,afternoon,high,beginner,full_body,vinyasa,energizing
Day 9 - Deep Stretch | Rest & Rise,7cAUoEuGksI,Fightmaster_Yoga,none,afternoon,medium,intermediate,hips,vinyasa,flexibility
"20 Minute Restorative Yoga | Relax, Renew And Destress",COn0QQeBPFI,Fightmaster_Yoga,none,before_sleep,low,beginner,full_body,hatha,relaxation
Hatha Yoga For Strength And Core,izYzNLUodiE,Fightmaster_Yoga,none,afternoon,medium,beginner,core,hatha,strength
Hatha Yoga | 20-Min Hip Opening Practice,MPqVHjKJtIg,Fightmaster_Yoga,none,evening,medium,beginner,hips,hatha,flexibility
Hatha Yoga | 30-Min Energizing Sequence,rfUbRo0BSJY,Fightmaster_Yoga,none,morning,high,beginner,full_body,hatha,energizing
Yoga When You're Feeling a Little Sick,8ZiDeirVEdw,Fightmaster_Yoga,none,afternoon,low,beginner,full_body,hatha,relaxation
Vinyasa Flow With Indy,giGswazdl7Y,Fightmaster_Yoga,none,evening,medium,beginner,full_body,vinyasa,flexibility
20 Minute Morning Yoga For Energy,v_XwVf-93Qk,Fightmaster_Yoga,none,morning,medium,beginner,full_body,hatha,energizing
Hatha Yoga Slow Flow,8OKsoFCux2M,Fightmaster_Yoga,none,before_sleep,low,beginner,full_body,hatha,relaxation
Full Body Yoga Stretch For Flexibility,x-L_kai34go,Fightmaster_Yoga,none,afternoon,high,beginner,full_body,hatha,flexibility
30 Minute Cardio Yoga Workout (Get Sweaty!),wWYEu_1E7BY,Fightmaster_Yoga,none,afternoon,high,intermediate,full_body,power,strength
45-Min Hatha Yoga (Perfect Intensity) Gentle but strong!,AHknzb4UdXQ,Fightmaster_Yoga,none,afternoon,medium,beginner,full_body,hatha,flexibility
20 Minute Yoga Flow Vinyasa (I don't wanna practice!) | Fightmaster Yoga Videos,fpANilWwLk4,Fightmaster_Yoga,none,morning,low,beginner,full_body,vinyasa,relaxation
15 minute Morning Yoga | Fightmaster Yoga Videos,yBTgDlFAibo,Fightmaster_Yoga,none,morning,low,beginner,full_body,hatha,energizing
30 Minute Yin Yoga (Relax and Stretch) Day 21 Yoga Fix 90 | Fightmaster Yoga Videos,KJRfR4lAL78,Fightmaster_Yoga,none,before_sleep,low,beginner,full_body,yin,relaxation
30 Minute Glowing Yoga Body Workout (Vinyasa Open Heart Class) Day 9 Yoga Fix 90,hLrtq5Dc-MI,Fightmaster_Yoga,none,morning,medium,beginner,back,vinyasa,flexibility
20 Minute Yoga for Stress Relief and Headaches | Fightmaster Yoga Videos,LVcLIjDwR9w,Fightmaster_Yoga,none,evening,low,beginner,full_body,vinyasa,relaxation
30 Minute Glowing Yoga Body Workout for (Office Workers) Featuring HealthnutNutrition,_ah3OTVHvmU,Fightmaster_Yoga,none,evening,low,beginner,full_body,hatha,relaxation
Vinyasa Flow Yoga for Back and Shoulders,CsZO082OV8w,Fightmaster_Yoga,none,evening,low,beginner,back,vinyasa,flexibility
45 Minute Hatha Yoga (Total Body Workout for Balance),_jx2UI79zXo,Fightmaster_Yoga,none,afternoon,medium,beginner,full_body,hatha,balance
Morning Vinyasa Flow Yoga for Energy,ALFgrR9tfwA,Fightmaster_Yoga,none,morning,medium,beginner,full_body,vinyasa,energizing
45 Minute Hatha Yoga To Magically Make You Feel Energized!,PR2Gb1qzCfs,Fightmaster_Yoga,none,morning,medium,beginner,full_body,hatha,energizing
30 Minute Yoga Class (Prenatal yoga class online) | Fightmaster Yoga Videos,pdI8CCxStP0,Fightmaster_Yoga,none,afternoon,low,beginner,pregnancy,hatha,relaxation
15 Minute Gentle Yoga (and Pranayama) Day 14 | Fightmaster Yoga Videos,FzlRdUNmr3c,Fightmaster_Yoga,none,before_sleep,low,beginner,full_body,hatha,relaxation
30 Minute Yoga For Low Back Pain | Fightmaster Yoga Videos,-p4YSZHpNIU,Fightmaster_Yoga,none,evening,low,beginner,back,vinyasa,flexibility
45 Minute Hatha Yoga Flow (Morning Body Workout),_RPqQoy0S5c,Fightmaster_Yoga,none,morning,medium,beginner,full_body,hatha,flexibility
45 Minute Hatha Yoga For Flexibility (Hip Stretch),qMtvqsNICNo,Fightmaster_Yoga,none,evening,medium,beginner,hips,hatha,flexibility
Morning Yoga For Beginners (Energizing) 15 Minute Flow - Day 6 | Fightmaster Yoga Videos,Fkvb3sgB6dc,Fightmaster_Yoga,none,morning,medium,beginner,full_body,vinyasa,energizing
Beginners Yoga Flow (Hatha) 20 min Day 9 | Fightmaster Yoga Videos,ymNC71KWY1M,Fightmaster_Yoga,none,before_sleep,medium,beginner,full_body,hatha,relaxation
HIIT Yoga For Beginners (20 min workout) Day 26 | Fightmaster Yoga Videos,ZzDKrGr6J3o,Fightmaster_Yoga,none,afternoon,high,beginner,full_body,power,energizing
30 Minute Yoga (HIIT Workout) | Fightmaster Yoga Videos,bYeDYYqZGAs,Fightmaster_Yoga,none,evening,high,beginner,full_body,power,strength
Morning Ritual (10 Minute Yoga),lg7H89YmA8E,Fightmaster_Yoga,none,morning,medium,beginner,full_body,hatha,energizing
Yoga For Stress (Take a moment to breathe and relax),ay3PnV_hpQY,Fightmaster_Yoga,none,evening,medium,beginner,full_body,hatha,relaxation
Glowing Yoga Body Workout For Hips (Where You Stuff Your EMOTIONS!),r3akLLrk0Cc,Fightmaster_Yoga,none,evening,medium,beginner,hips,vinyasa,relaxation
Morning Yoga (Best Wake Up Routine!) 20 Minute Vinyasa Flow,-F6YEJeQO34,Fightmaster_Yoga,none,morning,medium,beginner,full_body,vinyasa,energizing
Glowing Yoga Body Workout (30 Min Flow!) Vinyasa Full Class,CQnE2UmPg4o,Fightmaster_Yoga,none,morning,medium,beginner,full_body,vinyasa,energizing
Yoga For Sciatica (Heal Your Back Pain) 10 Minute Stretches,dNEBvM4tNbA,Fightmaster_Yoga,belt,evening,low,beginner,back,hatha,flexibility
Morning Yoga At The Beach (10 Minute Stretch),vE85s1hXM7E,Fightmaster_Yoga,none,morning,low,beginner,full_body,hatha,flexibility
Glowing Yoga Body Workout (You Are Beautiful!),_HMWnM--i7s,Fightmaster_Yoga,none,evening,low,intermediate,full_body,hatha,strength
Yoga For Hips - (ALL Levels) 1-HR CLASS,aJq8_fW7Eic,Fightmaster_Yoga,none,morning,medium,beginner,hips,hatha,flexibility
Yoga For Energy Morning Core | 20-Min Flow,5a1rdCERHDw,Fightmaster_Yoga,none,morning,medium,beginner,core,vinyasa,energizing
30 Minute Energizing Yoga for Renewal Vinyasa Workout (Headstand) | Fightmaster Yoga Videos,GnEUgWjo644,Fightmaster_Yoga,none,afternoon,medium,intermediate,full_body,vinyasa,strength
"20 Minute Yoga Flow Vinyasa to Learn ""Scissors"" | Fightmaster Yoga Videos",70obUif2JUw,Fightmaster_Yoga,none,afternoon,medium,intermediate,full_body,vinyasa,strength
30 Minute Glowing Vinyasa Flow (Total Body Yoga Workout),WUR4FPti_ro,Fightmaster_Yoga,none,afternoon,medium,intermediate,full_body,vinyasa,flexibility
15 Minute Yoga for Flexibility (Tight Hamstrings) | Fightmaster Yoga Videos,Ct_2QLE6uOk,Fightmaster_Yoga,none,afternoon,medium,beginner,hips,hatha,flexibility
30 Minute Yoga Total Body Workout (Free Yoga Class) Vinyasa Flow | Fightmaster Yoga Videos,NrlmdJriHX8,Fightmaster_Yoga,none,afternoon,medium,intermediate,full_body,vinyasa,flexibility
Yoga For Beginners At Home (10 Minute Yoga in a Chair),BNUw_bdqO3A,Fightmaster_Yoga,none,evening,low,beginner,back,hatha,flexibility
15 Minute Yoga for Tired Feet and Sore Legs | Fightmaster Yoga Videos,0td06icJotQ,Fightmaster_Yoga,none,evening,low,beginner,hips,hatha,relaxation
20 Minute Yoga for Depression | Fightmaster Yoga Videos,TYvIjekdQ6w,Fightmaster_Yoga,blocks,evening,low,beginner,full_body,hatha,relaxation
Peaceful Yoga Workout ‚ô• Core & Balance | Jane of the Jungle Flow,2qLt2M4v-cI,Boho_Beautiful_Yoga,none,afternoon,medium,intermediate,core,vinyasa,balance
Morning Yoga Workout ‚ô• Better Than The Gym | Strength & Stretch,oX6I6vs1EFs,Boho_Beautiful_Yoga,none,morning,medium,intermediate,full_body,hatha,strength
Yoga To Cure ‚ô• Revitalize & Energize Your Body,HPohkBemDVM,Boho_Beautiful_Yoga,none,morning,medium,beginner,full_body,hatha,energizing
Yoga Workout For Lower Body ‚ô• Best Toning & Strengthening for Legs,uKDwOp2H-Ls,Boho_Beautiful_Yoga,none,afternoon,medium,intermediate,hips,hatha,strength
Stress Relief Yoga ‚ô• A Relaxed & Calming Flow To Clear Your Mind,7CTsdbf81W8,Boho_Beautiful_Yoga,none,evening,low,beginner,full_body,hatha,relaxation
Peaceful Yoga | The Perfect Yoga Balance: Breath & Flexibility,oiPH-1sx39w,Boho_Beautiful_Yoga,none,evening,low,intermediate,full_body,vinyasa,flexibility
Yoga Workout | Better Than The Gym - Abs & Core,I-bG5E00PPY,Boho_Beautiful_Yoga,none,afternoon,high,intermediate,core,power,strength
Easy Yoga For Beginners | Full Body Gentle Flow,3_Q-yYfjeBM,Boho_Beautiful_Yoga,none,evening,low,beginner,full_body,vinyasa,relaxation
Advanced / Intermediate Yoga Flow ‚ô• Expand Your Practice,CiaD3jP0YhA,Boho_Beautiful_Yoga,none,evening,medium,advanced,full_body,vinyasa,flexibility
Perfect Yoga For Everyone ‚ô• 20 Minute Relaxing Flow,vDMVqMWLZaI,Boho_Beautiful_Yoga,none,afternoon,low,beginner,full_body,vinyasa,relaxation
Best Yoga For Anxiety ‚ô• Perfect Body & Mind Cleanse,SBzjsPgTZm8,Boho_Beautiful_Yoga,none,evening,low,intermediate,full_body,vinyasa,relaxation
Yin Yoga Fusion ‚ô• Best Yoga For Flexibility,-fac_iJ8Nw8,Boho_Beautiful_Yoga,none,morning,low,intermediate,full_body,yin,flexibility
Yoga For Stress & Strength ‚ô• Candlelit Evening Flow,01QDnS2Tp_E,Boho_Beautiful_Yoga,none,evening,low,intermediate,hips,vinyasa,relaxation
"Morning Yoga Perfection ‚ô• Set Your Intention, Mind, & Body | Bali Yoga",Uy9C2bHsczI,Boho_Beautiful_Yoga,none,morning,medium,intermediate,full_body,hatha,flexibility
"Yoga For Leaner Legs ‚ô• Strength, Tone & Balance | Ubud Yoga",TR5eXrF6wIA,Boho_Beautiful_Yoga,none,afternoon,medium,intermediate,hips,vinyasa,balance
Yoga For Splits ‚ô• Release Tight Hips & Increase Leg Flexibility,RttVsGmQjIA,Boho_Beautiful_Yoga,none,morning,medium,intermediate,hips,hatha,flexibility
Yin Yoga Class ‚ô• Release Stress & Feel Amazing in 30 Minutes | Borneo,pL1RWA_Qavs,Boho_Beautiful_Yoga,none,evening,low,intermediate,full_body,yin,relaxation
Yoga For Deep Sleep & Relaxation ‚ô• Best Way To Unwind | Blue Indigo Retreat,OO51xniCqDs,Boho_Beautiful_Yoga,none,before_sleep,low,beginner,full_body,hatha,relaxation
"Yoga For Your Back ‚ô• Strength, Recover, & Tone | Cambodia",H6IsIWlSVkA,Boho_Beautiful_Yoga,none,evening,low,beginner,back,hatha,strength
Vinyasa Power Flow Class ‚ô• 20 Minute Yoga | Cambodia Wildlife Sanctuary,Eb5dsG7L7lo,Boho_Beautiful_Yoga,none,evening,medium,intermediate,full_body,vinyasa,relaxation
Gentle Yoga Workout ‚ô• Strong & Calm | Siem Reap,suJqs4JZu1c,Boho_Beautiful_Yoga,none,evening,low,intermediate,back,hatha,strength
Morning Yoga Flow ‚ô• 15 Minute Intermediate Wake Up | Joshua Tree,1Benc0pfoFE,Boho_Beautiful_Yoga,none,morning,high,intermediate,full_body,vinyasa,energizing
"Yin Yoga Fusion ‚ô• Stretch, Breathe & Let Go | Palo Duro, Texas",YCEtPI3dk2U,Boho_Beautiful_Yoga,none,morning,medium,beginner,hips,yin,flexibility
Yoga Workout Tone & Burn ‚ô• Tools For A New You | PATIENCE,Mw-UUedHpxk,Boho_Beautiful_Yoga,none,afternoon,high,beginner,full_body,power,flexibility
Intermediate Yoga ‚ô• Stress Release Flow | Playa Barrigona,29noBUQoZZI,Boho_Beautiful_Yoga,none,afternoon,medium,intermediate,full_body,vinyasa,relaxation
Yoga For Beginners ‚ô• Easy Stretch & Stress Release | Playa Barrigona,koUi-AgsowQ,Boho_Beautiful_Yoga,none,evening,low,beginner,full_body,hatha,relaxation
"Intermediate Power Yoga ‚ô• Tone, Strengthen, & Challenge Yourself | Urubamba",h0yUCpLmeVQ,Boho_Beautiful_Yoga,none,afternoon,high,intermediate,full_body,power,strength
Yoga For All Levels | A Perfectly Blissful Yoga Class - Peru,2DsLs1kW4C4,Boho_Beautiful_Yoga,none,evening,medium,beginner,full_body,hatha,relaxation
Yin Yoga For Flexibility ‚ô• Tight Hips & Hamstrings | Sacred Valley,DYQHo7OboEM,Boho_Beautiful_Yoga,none,evening,low,intermediate,hips,yin,flexibility
Yoga For Strength & Flexibility ‚ô• Intermediate Yoga Class | Cusco,B1gEhSfFu2U,Boho_Beautiful_Yoga,none,afternoon,medium,intermediate,full_body,hatha,strength
Yoga For Digestion ‚ô• Effective Workout For Belly Fat | Amazon Jungle,iNfzqY2HF58,Boho_Beautiful_Yoga,none,afternoon,high,beginner,full_body,hatha,strength
Beautiful Beginner Yoga ‚ô• Hatha Class For Everyone | Tofino,Zcn2vT73jsI,Boho_Beautiful_Yoga,none,morning,medium,beginner,full_body,hatha,relaxation
Advanced Yoga Workout ‚ô• Challenge Your Strength & Balance | Tofino,t2z8ZsAP2Vw,Boho_Beautiful_Yoga,none,afternoon,medium,advanced,full_body,hatha,balance
Perfect Morning Yoga ‚ô• A Cup Of Coffee For Your Soul | North Caicos,WOQC8ETeTVM,Boho_Beautiful_Yoga,none,morning,medium,intermediate,full_body,hatha,energizing
Yin Yoga For Flexibility ‚ô• A Sore Hip & Hamstring Love Song,4IeS84sb3ZQ,Boho_Beautiful_Yoga,none,evening,low,intermediate,hips,yin,flexibility
Blissful Yoga Flow ‚ô• One Yoga Class To Rule Them All,LM-E6HeuG3I,Boho_Beautiful_Yoga,none,morning,medium,intermediate,full_body,vinyasa,energizing
"Yoga For PMS, Period Pain, & Gentle Realignment ‚ô• Your Self Love Doctor Is In",oZl9MZPncBM,Boho_Beautiful_Yoga,none,afternoon,low,beginner,period_pain,hatha,relaxation
Back Pain & Sciatica Relief ‚ô• Your Daily Yoga Miracle Therapy,eiQjt0WSVHk,Boho_Beautiful_Yoga,none,evening,low,beginner,back,hatha,relaxation
"Yoga Workout Fire Alarm ‚ô• Burn Calories, Melt Fat & Ignite Your Core",FSIreWMm5fI,Boho_Beautiful_Yoga,none,afternoon,high,intermediate,core,power,energizing
Gentle Yoga To Terminate Stress ‚ô• Come With Me If You Want Some Peace,e4HBS4cT15o,Boho_Beautiful_Yoga,none,evening,low,beginner,full_body,hatha,relaxation
"Yoga Flow To Release Everything ‚ô• Empty Your Mind... Be Water, My Friend.",d7cX_NRCHvY,Boho_Beautiful_Yoga,none,afternoon,medium,beginner,full_body,vinyasa,relaxation
Yoga For Flexibility & Strength ‚ô• Quiet The Mind And The Soul Will Whisper,W5rMIoqCZug,Boho_Beautiful_Yoga,none,afternoon,medium,advanced,full_body,vinyasa,strength
"Wake Up Yoga For All | Yoga For Harmony, Strength & Inner Power",6BQH1-tG61A,Boho_Beautiful_Yoga,none,morning,medium,intermediate,full_body,vinyasa,strength
Beginner Yoga For Hips & Hamstrings | Best Relief For Stiff & Sore Muscles,FQxNE5GWZ3o,Boho_Beautiful_Yoga,none,morning,low,beginner,hips,hatha,flexibility
Best Yoga For You | A Wonderful Yoga Class In Magical Tibet,cN8p_wzblzA,Boho_Beautiful_Yoga,none,morning,low,beginner,full_body,hatha,flexibility
Yin Yoga For Upper Body | Release ALL Your Stress In 20 Minutes,XzWctoBI-6g,Boho_Beautiful_Yoga,none,evening,low,beginner,back,yin,relaxation
Yoga For Strength & Healing | Mind Body Yoga To Feel Your Best,gzk2W3aNoo0,Boho_Beautiful_Yoga,none,afternoon,medium,intermediate,full_body,vinyasa,strength
Yoga For Beginners | Easy 20 Minute Yoga Experience,IV7rEFOkRkU,Boho_Beautiful_Yoga,none,afternoon,medium,beginner,full_body,vinyasa,flexibility
Total Body Yoga Flow | Morning Yoga Class: Awaken,NKiGZktresA,Boho_Beautiful_Yoga,none,morning,medium,beginner,full_body,vinyasa,flexibility
Total Body Yoga Workout | Power Yoga Class: Reconnect,B98Gi20riog,Boho_Beautiful_Yoga,none,afternoon,high,intermediate,full_body,power,strength
Yoga For Back Pain | Strengthen & Stretch Your Way To A New Healthy Back,D1qdaQHsJV8,Boho_Beautiful_Yoga,none,afternoon,medium,intermediate,back,hatha,strength
Yoga For Complete Beginners | Easy Gentle Boho Beautiful Yoga,yWL8Y49A-iE,Boho_Beautiful_Yoga,none,afternoon,medium,beginner,full_body,hatha,relaxation
"Yoga For Leg & Hip Flexibility | Hikers, Cyclists, & Dancers Deep Stretch Yoga Flow",DWCyYhczU6M,Boho_Beautiful_Yoga,none,afternoon,medium,beginner,hips,vinyasa,flexibility
"Yoga For Tight & Sore Muscles | 20 Minute Yoga For Hips, Calves, & Hamstrings",lupXygvF8jY,Boho_Beautiful_Yoga,none,evening,medium,beginner,hips,hatha,flexibility
25 Min Yin Yoga Class | 7 Day Yin Yoga Exploration Challenge,7mi15YbS8wg,Boho_Beautiful_Yoga,none,evening,low,beginner,full_body,yin,relaxation
Yoga Workout Flow | 20 Minute Full Body Workout,j77wT96jHCI,Boho_Beautiful_Yoga,none,morning,high,intermediate,full_body,vinyasa,flexibility
Full Body Yoga Workout To Feel Alive | 7 Day Challenge For Isolated Times,Fd3Su5lWJsw,Boho_Beautiful_Yoga,none,evening,high,beginner,full_body,hatha,energizing
30 Min Morning Yoga | For Strength & Peace In Challenging Times,15arofO27do,Boho_Beautiful_Yoga,none,morning,low,beginner,full_body,vinyasa,relaxation
Yin Yoga Deep Stretch Class | Release All That No Longer Serves You,BsKUBO_TPRk,Boho_Beautiful_Yoga,none,afternoon,medium,beginner,full_body,yin,flexibility
Gentle Yoga To Feel Your Best | Yoga For Tight Lower Body & Back (No Hands!),rUpkZZAGDzw,Boho_Beautiful_Yoga,none,morning,medium,intermediate,back,hatha,balance
30 Min Yoga Flow For Full Body & Mind | Breathing Into Blissful Being,g4wbPoWvsdo,Boho_Beautiful_Yoga,none,morning,medium,intermediate,full_body,vinyasa,relaxation
At Home Yoga Workout | Full Body Workout Flow To Sweat & Tone,qu82UolGX7k,Boho_Beautiful_Yoga,none,afternoon,high,intermediate,full_body,power,energizing
30 Min Intermediate Yoga Class | Expand Your Yoga Practice At Home,SrE1B5GzUpM,Boho_Beautiful_Yoga,none,afternoon,medium,intermediate,full_body,vinyasa,strength
Yoga For Stress & Anxiety Relief | Blissful Yin Yoga Experience,IYiV4ztPVu0,Boho_Beautiful_Yoga,none,evening,medium,beginner,full_body,yin,relaxation
Morning Yoga In Bed | Gentle Wake Up Yoga For A Perfect Day,AYH-LOMRqlk,Boho_Beautiful_Yoga,none,morning,low,beginner,full_body,hatha,relaxation
Yoga For Flexibility | Stretch Yoga To Achieve The Splits & Release Tight Hips,IZCJiTqdPm8,Boho_Beautiful_Yoga,none,afternoon,medium,intermediate,hips,hatha,flexibility
Perfect Morning Yoga | 30 Min Yoga Practice To Kick Start Your Body,oA6vjBPlmCE,Boho_Beautiful_Yoga,none,morning,medium,intermediate,full_body,hatha,energizing
Full Body Yoga Class For Everyone | 30 Min Feel Good Yoga Flow,BeG_UU-Bf5k,Boho_Beautiful_Yoga,none,evening,medium,intermediate,full_body,vinyasa,relaxation
Yin Yoga For Lower Body | Unique Yoga Postures To Release Lower Back Pain & Body Stiffness,ydtmPONM-rw,Boho_Beautiful_Yoga,none,evening,low,beginner,back,yin,relaxation
10 Min Power Yoga Flow | Yoga To Blissfully Set Yourself & Your Day Up For Success,bGI-issML4c,Boho_Beautiful_Yoga,none,morning,high,intermediate,full_body,power,energizing
Power Yoga Workout | 15 Min Yoga Class To Bring You Back To Yourself Gloriously,nOrfps-dtac,Boho_Beautiful_Yoga,none,afternoon,high,intermediate,full_body,power,relaxation
25 Min Morning Yoga | Full Body Yoga Flow To Start Your Day Perfectly ‚û§ Yoga Day 1,vgVCD9kICH8,Boho_Beautiful_Yoga,none,morning,medium,intermediate,full_body,vinyasa,flexibility
20 Min Gentle Yoga Class For All Levels | Relaxing Loving Awareness In Motion ‚û§ Day 10,V_wG1mJbAzQ,Boho_Beautiful_Yoga,belt,evening,medium,beginner,full_body,hatha,relaxation
20 Min Wake Up Yoga | Best Morning Yoga Full Body Stretch ‚û§ Day 14,s1TNzh-go-M,Boho_Beautiful_Yoga,none,morning,medium,intermediate,full_body,hatha,flexibility
20 Min Morning Yoga For Full Body | Feel Great Vinyasa Flow,hlaVSLdhEvA,Boho_Beautiful_Yoga,none,morning,medium,intermediate,full_body,vinyasa,relaxation
25 Min Prenatal Yoga Workout | Gentle Full Body Class For A Healthy Pregnancy,_NP6u3TWlBE,Boho_Beautiful_Yoga,none,afternoon,low,beginner,pregnancy,hatha,relaxation
20 Min Morning Yoga For Beginners | Full Body Yoga To Wake Up Perfectly,4g_1fMmoxK4,Boho_Beautiful_Yoga,none,morning,medium,beginner,full_body,hatha,energizing
"30 Min Morning Yoga Workout + Wim Hof Breathing | Immunity Boost, Mental Clarity & Strength",53eyKkxrSFc,Boho_Beautiful_Yoga,none,morning,medium,beginner,full_body,hatha,energizing
60 Min Yin Yoga For Full Body | Unbelievable Deep Release Yoga Class,O_kShXWLrSQ,Boho_Beautiful_Yoga,none,evening,medium,beginner,full_body,yin,relaxation
"Full Body Yoga Flow | 60 MIN Yoga For Flexibility, Mobility, & Strength",H4eimzWFcls,Boho_Beautiful_Yoga,none,afternoon,high,intermediate,full_body,vinyasa,flexibility
"Yin Yoga Class | Total Body Yoga For Stress, Tension, & Muscle Stiffness",CY255jk60AM,Boho_Beautiful_Yoga,none,evening,low,beginner,full_body,yin,relaxation
"Yoga For Sore Legs, Hips, & Lower Back | RECOVERY & FLEXIBILITY",RFk9SDvhpHM,Boho_Beautiful_Yoga,none,afternoon,medium,beginner,full_body,hatha,flexibility
Yoga For Period Pain & Cramps | Incredible Yogic PMS Relief,M9igb8JH-14,Boho_Beautiful_Yoga,none,afternoon,low,beginner,period_pain,hatha,relaxation
Prenatal Yoga For All Trimesters | Connect To Your Baby & Find Full Body Relief Fast,0zSWaP1VDk4,Boho_Beautiful_Yoga,none,evening,low,beginner,pregnancy,hatha,relaxation
Bedtime Yoga To Relax & Unwind | Yoga For Ending Your Day Perfectly,ZSSC9X_6wo4,Boho_Beautiful_Yoga,none,before_sleep,low,beginner,full_body,hatha,relaxation
Prenatal Morning Yoga Bliss | Full Body Relief & Compassionate Alignment,OgYxNz2TZ2Q,Boho_Beautiful_Yoga,none,morning,low,beginner,pregnancy,hatha,relaxation
30 Min Morning Yoga | Wake Up Yoga & Feel Your Ultimate Best,Y2j8bLCGx1U,Boho_Beautiful_Yoga,none,morning,medium,intermediate,full_body,hatha,energizing
Yin Yoga for Upper Body | Release ALL Stress & Tension In 30 Minutes,ltE8w4SSDJs,Boho_Beautiful_Yoga,none,afternoon,low,beginner,back,yin,relaxation
Yoga for Pregnancy | 30 Min Prenatal Yoga Flow For Peace Of Mind,jfitu-eL-to,Boho_Beautiful_Yoga,none,afternoon,low,beginner,pregnancy,vinyasa,relaxation
Full Body Morning Yoga | 15 Min Perfect Start To Your Day ‚áí Blissful & Quick!,pYz4s14rBsY,Boho_Beautiful_Yoga,none,morning,medium,intermediate,full_body,hatha,energizing
"20 Min Morning Yoga For When You Are Tired & Sore | Recovery, Release, & Rejuvenation",CAVshqce7ak,Boho_Beautiful_Yoga,none,morning,medium,beginner,full_body,hatha,relaxation
10 Min Morning Yoga Class | Wake Up & Start The Day,pzwDjMZwrXE,Boho_Beautiful_Yoga,none,morning,medium,beginner,full_body,hatha,energizing
15 Min Morning Yoga | Wake Up & Start EVERY DAY Perfectly,UHGLQUUuTeM,Boho_Beautiful_Yoga,none,morning,medium,beginner,full_body,hatha,energizing
Morning Yoga | 15 MINS To Wake Up & Start Every Single Morning Perfectly,-yarAyUZXfk,Boho_Beautiful_Yoga,none,morning,medium,beginner,full_body,hatha,energizing
"10 Min Morning Power Yoga | Get Fit, Lose Weight, Start Your Every Day Great",5sxRR78b5D0,Boho_Beautiful_Yoga,none,morning,high,beginner,full_body,power,energizing
Morning Yoga Workout | 10 MIN Yoga Flow For Full Body Results,V3F5jG7Mas0,Boho_Beautiful_Yoga,none,morning,medium,beginner,full_body,vinyasa,energizing
20 Min Morning Vinyasa Yoga To Feel Good | Wake Up & Flow,rWhlyNCfVVs,Boho_Beautiful_Yoga,none,morning,medium,intermediate,full_body,vinyasa,energizing
30 Min Prenatal Yoga Workout | Gentle Pregnancy Safe Workout & Stretch For All Expecting Mothers ‚ù§,nLgAG30Ocuo,Boho_Beautiful_Yoga,none,afternoon,low,beginner,pregnancy,hatha,flexibility
Prenatal Yoga Workout | 30 Min Full Body Pregnancy Safe Workout ‚ù§ ALL TRIMESTERS,NieKZURyFEo,Boho_Beautiful_Yoga,none,afternoon,low,beginner,pregnancy,hatha,relaxation
60 Min Yin Yoga For Flexibility & Relaxation | Full Body Deep Muscle Release To Wind Down Perfectly,V_Y5O4ghpxY,Boho_Beautiful_Yoga,none,evening,medium,beginner,full_body,yin,flexibility
20 Min Evening Yoga For A Restful Sleep | The Perfect Bedtime Wind Down üåô,b0iTIucmN-I,Boho_Beautiful_Yoga,none,before_sleep,low,beginner,full_body,hatha,relaxation
"90 Min Yin Yoga Class | Deep Stretch To Melt Stress, Unlock Flexibility, & Cleanse Your Inner World",ilZslYmJL7M,Boho_Beautiful_Yoga,none,evening,medium,beginner,full_body,yin,flexibility